id,slug,link,primary_image_url,primary_image_caption
17862,2025/11/27/blood-libels-antisemitism-and-the-strange-return-of-medieval-imagery,https://cheesegratermagazine.org/2025/11/27/blood-libels-antisemitism-and-the-strange-return-of-medieval-imagery/,https://cheesegratermagazine.org/wp-content/uploads/2025/11/william-of-norwich-e1764282940838.jpg,"William of Norwich, the first person whose death was attributed to the antisemitic blood libel myth. Photograph by unknown author via Wikimedia Commons"
17835,2025/11/27/ucl-unveils-rebrand-ahead-of-200th-anniversary,https://cheesegratermagazine.org/2025/11/27/ucl-unveils-rebrand-ahead-of-200th-anniversary/,https://cheesegratermagazine.org/wp-content/uploads/2025/11/Main-logo-1100x786.png,UCL's logos for dark and light backgrounds. Credit: Brand and Experience at UCL
17820,2025/11/25/reading-week-a-waste-of-time,https://cheesegratermagazine.org/2025/11/25/reading-week-a-waste-of-time/,https://cheesegratermagazine.org/wp-content/uploads/2025/11/1_G_VQZcr12g15PZRLifCsGQ-1-1100x733.jpg,Credit: rawpixel.com
17800,2025/11/23/living-in-astor-college-isn-t-all-that,https://cheesegratermagazine.org/2025/11/23/living-in-astor-college-isnt-all-that/,https://cheesegratermagazine.org/wp-content/uploads/2025/11/Screenshot-2025-11-23-at-16.13.38.png,Photograph by Anastasia Clarke
17792,2025/11/23/michael-spence-secretly-a-robot-piloted-by-a-smaller-evil-michael-spence,https://cheesegratermagazine.org/2025/11/23/michael-spence-secretly-a-robot-piloted-by-a-smaller-evil-michael-spence/,https://cheesegratermagazine.org/wp-content/uploads/2025/11/tiny-spence-1-1100x785.jpeg,Graphic by Jinn yin Wang
17780,2025/11/21/ucl-accommodation-needs-225m-to-meet-their-own-standards,https://cheesegratermagazine.org/2025/11/21/ucl-accommodation-needs-225m-to-meet-their-own-standards/,https://cheesegratermagazine.org/wp-content/uploads/2025/11/old-astor-1100x786.png,Historically accurate Astor College. Original photograph via UCL Imagestore
17751,2025/11/21/union-executive-meeting-promotes-authoritarianism-and-ghostbusters,https://cheesegratermagazine.org/2025/11/21/union-executive-meeting-promotes-authoritarianism-and-ghostbusters/,https://cheesegratermagazine.org/wp-content/uploads/2025/11/ghostbusters-1100x695.jpeg,Graphic by Szofi Vardy
17743,2025/11/20/behind-the-scenes-of-ucl-drama-society-s-medea,https://cheesegratermagazine.org/2025/11/20/behind-the-scenes-of-ucl-drama-societys-medea/,https://cheesegratermagazine.org/wp-content/uploads/2025/11/ticket_banner_3.jpg,Promotional poster for Medea. Credit to UCL Bloomsbury Theatre and Studio & @medea_ucl on Instagram.
17734,2025/11/18/ucl-anarchist-society-elects-first-ever-president,https://cheesegratermagazine.org/2025/11/18/ucl-anarchist-society-elects-first-ever-president/,https://cheesegratermagazine.org/wp-content/uploads/2025/11/PHOTO-2025-11-17-05-56-23-1100x785.jpg,Graphic by Jinn yin Wang
17702,2025/11/17/ucl-investing-in-tech-companies-working-for-the-israeli-government,https://cheesegratermagazine.org/2025/11/17/ucl-investing-in-tech-companies-working-for-the-israeli-government/,https://cheesegratermagazine.org/wp-content/uploads/2025/11/callum-piecve.png,Graphic by Kotryna Taujanskaite
17691,2025/11/17/better-than-ai-black-mould-in-main-library-infects-night-owl-students,https://cheesegratermagazine.org/2025/11/17/better-than-ai-black-mould-in-main-library-infects-night-owl-students/,https://cheesegratermagazine.org/wp-content/uploads/2025/11/Library-Mould-Graphic-uncoloured-1100x791.jpeg,"""Maze Runner"" Main Library edition. Graphic by Anna Firth."
17674,2025/11/15/ucl-sjp-banned-from-hosting-events-after-speaker-s-heinous-antisemitism-and-medieval-blood-libel,https://cheesegratermagazine.org/2025/11/15/ucl-sjp-banned-from-hosting-events-after-speakers-heinous-antisemitism-and-medieval-blood-libel/,https://cheesegratermagazine.org/wp-content/uploads/2025/11/sjp-story-1.jpeg,Photograph from StandWithUs UK
17668,2025/11/11/stand-clear-of-the-doors-jonty,https://cheesegratermagazine.org/2025/11/11/stand-clear-of-the-doors-jonty/,https://cheesegratermagazine.org/wp-content/uploads/2025/11/PHOTO-2025-11-08-19-06-12-1100x785.jpg,Grpahic by Jinn yin Wang
17652,2025/11/09/jeremy-bentham-missing-from-glass-box-as-louvre-jewels-stolen-two-days-later,https://cheesegratermagazine.org/2025/11/09/jeremy-bentham-missing-from-glass-box-as-louvre-jewels-stolen-two-days-later/,https://cheesegratermagazine.org/wp-content/uploads/2025/11/PHOTO-2025-11-08-19-06-11-1100x785.jpg,Graphic by Jinn yin Wang
17643,2025/11/08/record-turnout-at-2025-rep-elections-but-apathy-remains-clear-winner-analysis,https://cheesegratermagazine.org/2025/11/08/record-turnout-at-2025-rep-elections-but-apathy-remains-clear-winner-analysis/,https://cheesegratermagazine.org/wp-content/uploads/2025/11/PHOTO-2025-11-08-11-05-21-1100x619.jpg,Students' Union/Maths/Physics building looks naked without her scaffolding. Photo by Adam Cleary.
17635,2025/11/08/sausage-fest-slaughter,https://cheesegratermagazine.org/2025/11/08/economics-student-killed-by-peers-is-the-quarter-zip-regime-to-blame/,https://cheesegratermagazine.org/wp-content/uploads/2025/11/PHOTO-2025-11-07-21-06-36-1100x619.jpg,Quarter zip non-compliance turns fatal in a lecture hall. Graphic by Judy Lin.
17619,2025/11/04/down-it-fresher-students-driven-to-alcoholism-by-deranged-sportsman,https://cheesegratermagazine.org/2025/11/04/down-it-fresher-students-driven-to-alcoholism-by-deranged-sportsman/,https://cheesegratermagazine.org/wp-content/uploads/2025/11/Screenshot-2025-11-04-at-16.12.29-1100x613.png,Graphic by Rebekah Wright
17612,2025/11/04/ucl-anthropology-to-offer-brainrot-studies-module-in-bid-to-stay-relevant,https://cheesegratermagazine.org/2025/11/04/ucl-anthropology-to-offer-brainrot-studies-module-in-bid-to-stay-relevant/,https://cheesegratermagazine.org/wp-content/uploads/2025/11/Screenshot-2025-11-04-at-15.30.31-1100x754.png,Graphic by Josh Palmer
17602,2025/11/03/police-called-to-friends-of-israel-event-hosting-former-idf-soldier,https://cheesegratermagazine.org/2025/11/03/police-called-to-friends-of-israel-event-hosting-former-idf-soldier/,https://cheesegratermagazine.org/wp-content/uploads/2025/11/Screenshot-2025-11-03-at-21.26.51-1100x821.png,The pro-Palestine protest outside the event. Photos from a member of 'The Cheese Grater'.
17585,2025/10/31/halloween-costume-inspiration-2025,https://cheesegratermagazine.org/2025/10/31/halloween-costume-inspiration-2025/,https://cheesegratermagazine.org/wp-content/uploads/2025/10/Screenshot-2025-10-31-at-19.48.53-1100x785.png,Graphic by Rebekah Wright
17573,2025/10/27/ucl-north-to-be-established-in-orbit-above-earth,https://cheesegratermagazine.org/2025/10/27/ucl-north-to-be-established-in-orbit-above-earth/,https://cheesegratermagazine.org/wp-content/uploads/2025/10/ucl-north.jpeg,Graphic by Michelle Yuen
17559,2025/10/26/better-with-bentham,https://cheesegratermagazine.org/2025/10/26/better-with-bentham/,https://cheesegratermagazine.org/wp-content/uploads/2025/10/Screenshot-2025-10-26-at-14.46.45-1100x796.png,
17531,2025/10/26/ucl-provost-set-to-join-the-mcu,https://cheesegratermagazine.org/2025/10/26/ucl-provost-set-to-join-the-mcu/,https://cheesegratermagazine.org/wp-content/uploads/2025/10/Spiderman-Leaving-home.png,Graphic by Rebekah Wright.
17512,2025/10/24/tuition-fees-for-english-universities-to-rise-from-2026,https://cheesegratermagazine.org/2025/10/24/tuition-fees-for-english-universities-to-rise-from-2026/,https://cheesegratermagazine.org/wp-content/uploads/2025/10/tuition-fees.png,Graphic by Malvika Murkumbi
17487,2025/10/23/an-american-guide-to-london,https://cheesegratermagazine.org/2025/10/23/an-american-guide-to-london/,https://cheesegratermagazine.org/wp-content/uploads/2025/10/PHOTO-2025-10-20-08-59-48-1-1100x735.jpg,Graphic by Jinn yin Wang.
17459,2025/10/23/lgbtq-network-too-woke-proclaims-rep-election-candidate,https://cheesegratermagazine.org/2025/10/23/lgbtq-network-too-woke-proclaims-rep-election-candidate/,https://cheesegratermagazine.org/wp-content/uploads/2025/10/gay.jpg,Graphic via stock images and Malvika Murkumbi
17449,2025/10/22/the-london-scab-bonnie-blue-announces-new-stop-in-ucl-on-freshers-tour-and-you-ll-never-guess-where-it-is,https://cheesegratermagazine.org/2025/10/22/the-london-scab-bonnie-blue-announces-new-stop-in-ucl-on-freshers-tour-and-youll-never-guess-where-it-is/,https://cheesegratermagazine.org/wp-content/uploads/2025/10/Screenshot-2025-10-23-at-18.22.46-1.png,"""And if the Bonnie Blue bang bus crashes into usssss"". Graphic by Michelle Yuen."
17441,2025/10/21/punch-and-policy-police-called-after-altercation-between-pub-local-and-conservative-freshers,https://cheesegratermagazine.org/2025/10/21/punch-and-policy-police-called-after-altercation-between-pub-local-and-conservative-freshers/,https://cheesegratermagazine.org/wp-content/uploads/2025/10/port-n-policy-1.jpg,Tories at an Irish pub? Graphic by Kotryna Taujanskaite.
17409,2025/10/21/student-media-rep-race-the-candidates-make-their-case,https://cheesegratermagazine.org/2025/10/21/student-media-rep-race-the-candidates-make-their-case/,https://cheesegratermagazine.org/wp-content/uploads/2025/10/Screenshot-2025-10-26-at-14.20.57-1100x515.png,The candidates for Media Rep. Photos from the Students' Union election webpage.
17411,2025/10/21/only-a-short-flight-from-campus-ucl-defends-new-birmingham-accommodation-plan,https://cheesegratermagazine.org/2025/10/21/only-a-short-flight-from-campus-ucl-defends-new-accommodation-plan/,https://cheesegratermagazine.org/wp-content/uploads/2025/10/PHOTO-2025-10-20-19-17-37-1100x738.jpg,Graphic by Josh Palmer.
17396,2025/10/20/welcome-fair-forced-to-shut-early-due-to-inadequate-lighting,https://cheesegratermagazine.org/2025/10/20/welcome-fair-forced-to-shut-early-due-to-inadequate-lighting/,https://cheesegratermagazine.org/wp-content/uploads/2025/10/UCL-woke-graphic.jpg,Graphic by Anna Firth
17386,2025/10/20/breaking-fans-admit-happiness-was-a-mistake-after-hearing-swift-s-new-album,https://cheesegratermagazine.org/2025/10/20/breaking-fans-admit-happiness-was-a-mistake-after-hearing-swifts-new-album/,https://cheesegratermagazine.org/wp-content/uploads/2025/10/Taylor_Swift_6966830273-1.jpg,Photograph from Wikimedia Commons.
17547,2025/10/19/he-was-a-fairy,https://cheesegratermagazine.org/2025/10/19/he-was-a-fairy/,https://cheesegratermagazine.org/wp-content/uploads/2025/10/Screenshot-2025-10-26-at-14.41.51-1100x1264.png,
17363,2025/10/15/union-passes-nothingburger-policy,https://cheesegratermagazine.org/2025/10/15/union-passes-nothingburger-policy/,https://cheesegratermagazine.org/wp-content/uploads/2025/10/Screenshot-2025-10-15-at-09.47.16-1100x928.png,Graphic by James Balloqui
17353,2025/10/14/a-tory-ble-night-out,https://cheesegratermagazine.org/2025/10/14/a-tory-ble-night-out/,,
17342,2025/10/13/union-breached-sustainability-policy-at-welcome-fair,https://cheesegratermagazine.org/2025/10/13/union-breached-sustainability-policy-at-welcome-fair/,https://cheesegratermagazine.org/wp-content/uploads/2025/10/sustainable.png,Graphic by Kotryna Taujanskaite
17326,2025/10/11/are-you-there-chums-it-s-me-jonty,https://cheesegratermagazine.org/2025/10/11/are-you-there-chums-its-me-jonty/,https://cheesegratermagazine.org/wp-content/uploads/2025/10/IMG_0102-1100x689.jpg,The worst part about being grounded in the pool-house is that the Help always forget about you. Graphic by Rebekah Wright.
17318,2025/10/10/the-london-scab-top-10-ucl-grads,https://cheesegratermagazine.org/2025/10/10/the-london-scab-top-10-ucl-grads/,https://cheesegratermagazine.org/wp-content/uploads/2025/10/1-1100x800.jpeg,Jojo Siwa x David Attenborough. Graphic by Xifei Zhang.
17300,2025/10/09/the-fridge-was-full-of-maggots-student-kitchen-nightmares-and-fsa-food-safety-advice,https://cheesegratermagazine.org/2025/10/09/the-fridge-was-full-of-maggots-student-kitchen-nightmares-and-fsa-advice-about-food-safety/,https://cheesegratermagazine.org/wp-content/uploads/2025/10/PHOTO-2025-10-04-17-20-13-1-1100x691.jpg,Graphic by Rebekah Wright on behalf of 'The Cheese Grater'. The FSA is running a campaign to inform and educate. We believe in tough love.
17272,2025/10/06/ucl-apologises-after-international-students-almost-deported,https://cheesegratermagazine.org/2025/10/06/ucl-apologises-after-international-students-almost-deported/,https://cheesegratermagazine.org/wp-content/uploads/2025/10/busy-airport-.jpg,Photograph via Creative Commons License CC0 1.0 Universal
17253,2025/10/06/ucl-forces-freshers-into-a-squid-games-for-places-in-student-halls,https://cheesegratermagazine.org/2025/10/06/ucl-forces-freshers-into-a-squid-games-for-places-in-student-halls/,https://cheesegratermagazine.org/wp-content/uploads/2025/10/IMG_0095-1100x817.jpeg,Graphic by Go Kitajima and Rebekah Wright
17235,2025/10/05/ucl-cleaners-strike-in-photographs,https://cheesegratermagazine.org/2025/10/05/ucl-cleaners-strike-in-photographs/,https://cheesegratermagazine.org/wp-content/uploads/2025/10/IMG_1800-1-1100x825.jpeg,"“Justice 4 Cleaners”: A sign held outside the Student Centre, from a protest held on Wednesday 1 October. Photograph by Viktoria Karaivanova."
17220,2025/10/05/i-m-a-ucl-student-get-me-out-of-here,https://cheesegratermagazine.org/2025/10/05/im-a-ucl-student-get-me-out-of-here/,https://cheesegratermagazine.org/wp-content/uploads/2025/10/whaaaat.png,
17194,2025/10/02/refurbished-print-room-caf-reopens-with-launch-event,https://cheesegratermagazine.org/2025/10/02/newly-refurbished-print-room-cafe-has-open-ceremony/,https://cheesegratermagazine.org/wp-content/uploads/2025/10/Screenshot-2025-10-02-at-15.31.40-1100x731.png,Students queue at the new counter. Photograph by Szofi Vardy.
17150,2025/09/29/over-1-300-incoming-ucl-students-left-without-accommodation-after-last-minute-application-rejections,https://cheesegratermagazine.org/2025/09/29/over-1300-incoming-ucl-students-left-without-accommodation-as-applications-refused-days-before-welcome-week/,https://cheesegratermagazine.org/wp-content/uploads/2025/09/accom-graphIC-1-870x570.png,Graphic by Kotryna Taujanskaite
17139,2025/09/28/review-diwana-bhel-poori-house,https://cheesegratermagazine.org/2025/09/28/review-diwana-bhel-poori-house/,https://cheesegratermagazine.org/wp-content/uploads/2025/09/Screenshot-2025-09-28-at-22.12.31-1-1100x785.png,Photograph by Theo Naylor Marlow
17128,2025/09/28/the-2025-expedition-east,https://cheesegratermagazine.org/2025/09/28/dishonest-academic-practices-copy/,,
17121,2025/09/28/virgin-media-please-stop-calling-me,https://cheesegratermagazine.org/2025/09/28/virgin-media-please-stop-calling-me/,https://cheesegratermagazine.org/wp-content/uploads/2025/09/virigin.png,"Red lights, stop signs... Graphic by Kotryna Taujanskaite"
17114,2025/09/28/review-of-ucl-s-nautical-mile,https://cheesegratermagazine.org/2025/09/28/review-of-ucls-nautical-mile/,https://cheesegratermagazine.org/wp-content/uploads/2025/09/panthony-at-spoons-1100x613.png,Arthur Lachlan at a Wetherspoons. Original photograph via Wikimedia Commons
17106,2025/09/28/a-guide-on-how-to-talk-to-your-northern-friend-s,https://cheesegratermagazine.org/2025/09/28/a-guide-on-how-to-talk-to-your-northern-friends/,https://cheesegratermagazine.org/wp-content/uploads/2025/09/Screenshot-2025-09-28-at-17.18.52-1100x1010.png,Graphic by Lucy Reade
17097,2025/09/27/self-destruction-is-cool-putting-the-dying-in-studying,https://cheesegratermagazine.org/2025/09/27/self-destruction-is-cool-putting-the-dying-in-studying/,https://cheesegratermagazine.org/wp-content/uploads/2025/09/No-comment.png,Jeremy Bentham has declined to comment. Graphic by Malvika Murkumbi
17092,2025/09/27/approval-granted-for-gazan-students-to-study-in-uk-universities,https://cheesegratermagazine.org/2025/09/27/ucl-offer-holders-trapped-in-gaza-due-to-bureaucratic-hurdles-copy/,https://cheesegratermagazine.org/wp-content/uploads/2025/08/528321439_17843861001544472_4101066061025101266_n.jpg,@thegaza40 on Instagram
17083,2025/09/26/it-s-time-to-be-served-some-humble-pie,https://cheesegratermagazine.org/2025/09/26/its-time-to-be-served-some-humble-pie/,,
17075,2025/09/26/pint-sized-review-1-a-guinness-at-the-huntley,https://cheesegratermagazine.org/2025/09/26/pint-sized-review-1-a-guinness-at-the-huntley/,https://cheesegratermagazine.org/wp-content/uploads/2025/09/huntley-guinness-1.png,"Half the price, half the beer!"
17065,2025/09/23/the-student-centre-is-amazing-and-other-lies-you-were-told-on-open-day,https://cheesegratermagazine.org/2025/09/23/the-student-centre-is-amazing-and-other-lies-you-were-told-on-open-day/,https://cheesegratermagazine.org/wp-content/uploads/2025/09/student-centre.jpg,Photograph via UCL Imagestore
17056,2025/09/23/chuck-brody-s-totally-legit-tips-for-improving-your-gym-sessions,https://cheesegratermagazine.org/2025/09/23/chuck-brodys-totally-legit-tips-for-improving-your-gym-sessions/,https://cheesegratermagazine.org/wp-content/uploads/2025/09/chuck-1100x775.png,Graphic by Kotryna Taujanskaite
17051,2025/09/23/soc-bitch-issue-93-autumn-2025,https://cheesegratermagazine.org/2025/09/23/soc-bitch-issue-92-june-2025-copy/,,
17042,2025/09/23/the-symphony-of-london-welcome-to-your-new-home,https://cheesegratermagazine.org/2025/09/23/the-symphony-of-london-welcome-to-your-new-home/,https://cheesegratermagazine.org/wp-content/uploads/2025/09/bing-bong-1100x641.png,Graphic by Kotryna Taujanskaite
17032,2025/09/22/an-addendum-to-the-study-abroad-team,https://cheesegratermagazine.org/2025/09/22/an-addendum-to-the-study-abroad-team/,https://cheesegratermagazine.org/wp-content/uploads/2025/09/They-dont-know-I-studied-abroad-2.png,Graphic by Malvika Murkumbi
17019,2025/09/22/30-of-ucl-s-cleaning-staff-to-be-laid-off-amid-cost-cutting-agenda,https://cheesegratermagazine.org/2025/09/22/30-of-ucls-cleaning-staff-to-be-laid-off-amid-cost-cutting-agenda/,https://cheesegratermagazine.org/wp-content/uploads/2025/09/cleaners-protest-2025-1100x826.jpg,"Photograph by Abel Harvie-Clark, Independent Workers of Great Britain"
17012,2025/09/22/the-cheese-grater-touch,https://cheesegratermagazine.org/2025/09/22/the-cheese-grater-touch/,https://cheesegratermagazine.org/wp-content/uploads/2025/09/cheez-touch-1-1100x775.png,Joever! You've all got The Cheese Grater touch... Graphic by Kotryna Taujanskaite.
17006,2025/09/22/bereaved-student-felt-harassed-by-student-finance-over-loan-repayments,https://cheesegratermagazine.org/2025/09/22/bereaved-student-felt-harassed-by-student-finance-over-loan-repayments/,https://cheesegratermagazine.org/wp-content/uploads/2025/09/bereaved-student-1100x769.jpeg,Graphic by Szofi Vardy
16980,2025/09/22/down-your-union-exclusive-interview-with-su-president-anam-choudhary,https://cheesegratermagazine.org/2025/09/22/down-your-union-exclusive-interview-with-su-president-anam-choudhary/,https://cheesegratermagazine.org/wp-content/uploads/2025/09/anam-1100x768.jpeg,Graphic by Szofi Vardy
16950,2025/09/04/ucl-worst-impacted-by-proposed-international-student-tax-data-reveals,https://cheesegratermagazine.org/2025/09/04/ucl-worst-impacted-by-proposed-international-student-tax-data-reveals/,https://cheesegratermagazine.org/wp-content/uploads/2025/09/good-morning-sunshine-1100x775.png,Graphic by Kotryna Taujanskaite
16912,2025/08/27/fear-but-not-much-loathing-at-ucl-polo-club,https://cheesegratermagazine.org/2025/08/27/fear-but-not-much-loathing-at-ucl-polo-club/,https://cheesegratermagazine.org/wp-content/uploads/2025/08/guards-1100x825.jpeg,Guards Polo Club. Photograph by Robin Elfsberg.
16889,2025/08/20/interview-with-xueren-lyu-the-presidential-candidate-who-wanted-to-control-campus-protests,https://cheesegratermagazine.org/2025/08/20/interview-with-xueren-lyu-the-presidential-candidate-who-wanted-to-control-campus-protests/,https://cheesegratermagazine.org/wp-content/uploads/2025/08/IMG_4165-2-1100x733.png,Lyu's controversial proposals to control student protests may be against UK law. Graphic by Kotryna Taujanskaite.
16877,2025/08/20/a-call-for-images-and-photo-essays,https://cheesegratermagazine.org/2025/08/20/a-call-for-images-and-photo-essays/,https://cheesegratermagazine.org/wp-content/uploads/2025/08/unnamed-1100x1467.png,A picture of the quad “renovations”. Photograph by Kenny Xie.
16850,2025/08/09/ucl-offer-holders-trapped-in-gaza-due-to-bureaucratic-hurdles,https://cheesegratermagazine.org/2025/08/09/ucl-offer-holders-trapped-in-gaza-due-to-bureaucratic-hurdles/,https://cheesegratermagazine.org/wp-content/uploads/2025/08/528321439_17843861001544472_4101066061025101266_n.jpg,@thegaza40 on Instagram
16817,2025/08/07/gordon-street-works-now-in-public-consultation,https://cheesegratermagazine.org/2025/08/07/gordon-street-works-now-in-public-consultation/,https://cheesegratermagazine.org/wp-content/uploads/2025/08/Screenshot-2025-08-07-at-17.20.16-1100x719.png,More construction is due to take place around campus. Photograph by Adam Cleary.
16803,2025/08/01/welcome-fair-to-be-held-in-ucl-east,https://cheesegratermagazine.org/2025/08/01/welcome-fair-to-be-held-in-ucl-east/,https://cheesegratermagazine.org/wp-content/uploads/2025/08/UCL-Welcome-2024_07.jpg,The fair has to be moved because the main UCL Portico is under construction. Photograph by Mary Hinkley via UCL Imagestore
16626,2025/07/20/workers-disrupt-ucl-open-day-in-demands-for-end-to-outsourcing,https://cheesegratermagazine.org/2025/07/20/workers-disrupt-ucl-open-day-in-demands-for-end-to-outsourcing/,https://cheesegratermagazine.org/wp-content/uploads/2025/07/Untitled_Artwork-1100x768.jpg,Photograph by Go Kitajima. Graphic by Rebekah Wright.
16609,2025/07/16/inconsistent-uclfc-wins-varsity-after-emotional-rollercoaster,https://cheesegratermagazine.org/2025/07/16/inconsistent-uclfc-wins-varsity-after-emotional-rollercoaster/,https://cheesegratermagazine.org/wp-content/uploads/2025/07/Screenshot-2025-07-16-at-17.54.44-1100x735.png,Relieved UCFC players lift the Varsity trophy with their UCLWFC peers.  Photograph by @noorandhercamera
16587,2025/07/07/union-president-quits-job-on-the-first-day,https://cheesegratermagazine.org/2025/07/07/union-president-quits-job-on-the-first-day/,https://cheesegratermagazine.org/wp-content/uploads/2025/07/Screenshot-2025-07-07-at-13.43.40.png,Graphic by Jasmine Yiu
16537,2025/06/28/five-questions-with-the-outgoing-union-sabb-rachel-lim,https://cheesegratermagazine.org/2025/06/28/five-questions-with-the-outgoing-union-sabb-rachel-lim/,,
16169,2025/06/22/affordability-crisis-plagues-london-s-student-halls-data-shows,https://cheesegratermagazine.org/2025/06/22/affordability-crisis-plagues-londons-student-halls-data-shows/,https://cheesegratermagazine.org/wp-content/uploads/2025/06/IMG_0058-870x570.jpg,Average rent in London's student halls exceeded the maximum student loan for the first time. Graphic by Rebekah Wright.
16136,2025/06/20/ex-ucl-student-sentenced-to-life-in-prison-for-rape-offences,https://cheesegratermagazine.org/2025/06/20/ex-ucl-student-sentenced-to-life-in-prison-for-rape-offences/,https://cheesegratermagazine.org/wp-content/uploads/2025/06/IMG_0054-1-1100x910.jpg,Graphic by Rebekah Wright
16088,2025/06/18/gold-stars-all-round-biggest-moments-from-the-union-awards,https://cheesegratermagazine.org/2025/06/18/gold-stars-all-round-biggest-moments-from-the-union-awards/,https://cheesegratermagazine.org/wp-content/uploads/2025/06/AJ5A8253-1-1100x734.jpg,Annie Loh of Cheerleading Club awarded Coach of the Year by Activities Sabb Ana Boikova. Photograph by Students' Union UCL
16058,2025/06/13/soc-bitch-issue-92-june-2025,https://cheesegratermagazine.org/2025/06/13/soc-bitch-all-quiet-on-the-bloomsbury-front/,,
16027,2025/06/13/bucking-the-trend-how-ucl-is-outperforming-its-competition,https://cheesegratermagazine.org/2025/06/13/bucking-the-trend-how-ucl-is-outperforming-its-competition/,https://cheesegratermagazine.org/wp-content/uploads/2025/06/PSWS2018_074-1100x734.jpg,UCL’s income increased by 106% last year to £600m Mary Hinkley/UCL Media Services
16037,2025/06/13/we-tried-our-best,https://cheesegratermagazine.org/2025/06/13/we-tried-our-best/,https://cheesegratermagazine.org/wp-content/uploads/2025/06/CG-Team-Arts-1100x620.jpg,The Cheese Grater team at the Arts Awards. Photograph by Students' Union UCL via UCL Imagestore
16015,2025/06/13/almost-forgot-this-is-what-university-is-all-about,https://cheesegratermagazine.org/2025/06/13/almost-forgot-this-is-what-university-is-all-about/,https://cheesegratermagazine.org/wp-content/uploads/2025/06/S_UK-UCL-13-1100x734.jpg,Photograph by Mat Wright/UCL Imagestore
16006,2025/06/13/another-year-for-the-books-easy-as-pie,https://cheesegratermagazine.org/2025/06/13/another-year-for-the-books-easy-as-pie/,,
16000,2025/06/13/how-to-survive-the-exam-season-at-ucl,https://cheesegratermagazine.org/2025/06/13/how-to-survive-the-exam-season-at-ucl/,https://cheesegratermagazine.org/wp-content/uploads/2025/06/szofi-sketch-e1749790017783-1100x827.png,Graphic by Szofi Vardy
15991,2025/06/13/100-men-a-gorilla-and-the-desperation-of-man,https://cheesegratermagazine.org/2025/06/13/100-men-a-gorilla-and-the-desperation-of-man/,https://cheesegratermagazine.org/wp-content/uploads/2025/06/gorilla_edit-1100x750.png,Graphic by Jasmine Yiu
15969,2025/06/13/ucl-halls-make-record-profits-as-mould-cases-soar,https://cheesegratermagazine.org/2025/06/13/ucl-halls-make-record-profits-as-mould-cases-soar/,https://cheesegratermagazine.org/wp-content/uploads/2025/06/evil-mould-fix-1100x825.png,UCL is losing the war on mould... Graphic by Kotryna Taujanskaite
15957,2025/06/13/will-labour-s-immigration-plans-make-things-worse-for-international-students,https://cheesegratermagazine.org/2025/06/13/will-labours-immigration-plans-make-things-worse-for-international-students/,https://cheesegratermagazine.org/wp-content/uploads/2025/06/05012023_AP_StarmerUCL_041-1100x734.jpg,Labour plans to levy universities for income made from overseas tuition. Photograph by Andrew Parsons/Parsons Media via UCL Imagestore
15932,2025/06/13/videos-show-black-water-gushing-from-ucl-hall-sink,https://cheesegratermagazine.org/2025/06/13/pictures-show-black-water-gushing-from-ucl-hall-sink/,https://cheesegratermagazine.org/wp-content/uploads/2025/06/WhatsApp-Image-2025-06-02-at-4.52.40-PM-1-scaled-e1749787973161-1100x826.jpeg,Aftermath... Damp causes mould to grow everywhere. Picture source supplied/The Cheese Grater
15925,2025/06/13/ucl-accused-of-dismantling-student-democracy-in-halls,https://cheesegratermagazine.org/2025/06/13/ucl-accused-of-dismantling-student-democracy-in-halls/,https://cheesegratermagazine.org/wp-content/uploads/2025/06/MONDAY_page-0001-1100x776.jpg,Day in the life of a hall officer... Graphic by Kotryna Taujanskaite
15894,2025/06/13/ucl-activists-lead-national-student-climate-council,https://cheesegratermagazine.org/2025/06/13/ucl-activists-lead-national-student-climate-council/,https://cheesegratermagazine.org/wp-content/uploads/2025/06/susco-1100x688.jpeg,Inaugural meeting of SSusCo... Picture courtesy of Alan Salazar
15882,2025/06/13/the-trio-behind-a-resurgence-in-ucl-student-radio,https://cheesegratermagazine.org/2025/06/13/the-trio-behind-a-resurgence-in-ucl-student-radio/,https://cheesegratermagazine.org/wp-content/uploads/2025/06/Untitled-1-1100x733.png,"Hosts Nic Schneider, Leo McGurk, and Josh Flowers/The Man Group"
15874,2025/06/13/down-your-union-rachel-s-parting-gift-the-search-for-shaban-and-more,https://cheesegratermagazine.org/2025/06/13/down-your-union-rachels-parting-gift-the-search-for-shaban-and-more/,,
15865,2025/06/12/hmp-belmarsh-to-become-ucl-hall,https://cheesegratermagazine.org/2025/06/12/hmp-belmarsh-to-become-ucl-hall/,https://cheesegratermagazine.org/wp-content/uploads/2025/06/hmp-belmarsh-1100x720.jpg,Newest Band 2 UCL hall starting at only £380 per week! Photograph via Wikimedia Commons.
15857,2025/06/12/if-mully-s-goes-i-go-with-it,https://cheesegratermagazine.org/2025/06/12/if-mullys-goes-i-go-with-it/,,
15480,2025/05/30/arts-awards-2025-jazz-soc-wins-arts-society-of-the-year,https://cheesegratermagazine.org/2025/05/30/live-arts-awards-2025/,https://cheesegratermagazine.org/wp-content/uploads/2025/05/WhatsApp-Image-2025-05-30-at-8.15.20-PM-1100x825.jpeg,"Arts Officer Ashley New, named Outstanding Contributor to the Arts, rocks the stage with the Rhapsody crew. Photograph by Szofi Vardy/The Cheese Grater"
15472,2025/05/30/society-awards-2025-malaysian-soc-wins-society-of-the-year,https://cheesegratermagazine.org/2025/05/30/live-society-awards-2025/,https://cheesegratermagazine.org/wp-content/uploads/2025/05/WhatsApp-Image-2025-05-30-at-4.27.21-PM-1100x825.jpeg,Society Awards are underway! Photograph by James Balloqui
15199,2025/05/29/sports-awards-2025-badminton-wins-club-of-the-year,https://cheesegratermagazine.org/2025/05/29/live-sports-awards-2025/,https://cheesegratermagazine.org/wp-content/uploads/2025/05/Screenshot-2025-05-29-212735-1100x610.png,"TeamUCL was received the Gold Award after raising £29,000 for the men's mental health charity Movember. Photograph by Nick Miao/The Cheese Grater"
15204,2025/05/29/community-awards-2025-where-have-all-the-hall-reps-gone,https://cheesegratermagazine.org/2025/05/29/live-community-awards-2025/,https://cheesegratermagazine.org/wp-content/uploads/2025/05/WhatsApp-Image-2025-05-29-at-5.16.28-PM-1100x825.jpeg,"Dance Society rocks the stage with ""God's Chariots"". Photograph by Szofi Vardy/The Cheese Grater"
15004,2025/05/14/why-voting-alone-is-not-the-solution-to-the-union-s-apathy-crisis,https://cheesegratermagazine.org/2025/05/14/why-voting-alone-is-not-the-solution-to-the-unions-apathy-crisis/,https://cheesegratermagazine.org/wp-content/uploads/2025/03/UCLUent08_02.jpg,Photograph by Mary Hinkley/UCL Media Services
14777,2025/05/14/just-7-of-students-chose-who-runs-the-union-despite-record-turnout,https://cheesegratermagazine.org/2025/05/14/just-7-of-students-chose-who-runs-the-union-despite-record-turnout/,https://cheesegratermagazine.org/wp-content/uploads/2025/03/20250319164146-1100x825.jpg,"Our elections are getting bigger, but are they getting better? Photograph by Nick Miao/The Cheese Grater."
14900,2025/05/12/a-somewhat-selfish-call-for-a-south-asian-society-at-ucl,https://cheesegratermagazine.org/2025/05/12/a-somewhat-selfish-call-for-a-south-asian-society-at-ucl/,https://cheesegratermagazine.org/wp-content/uploads/2025/05/india-pakistan-map-1100x825.jpg,"An old map of South Asia, 1967. Photograph by Gabriel via Flickr."
14362,2025/05/08/pixelated-dreams-and-fractured-identities-the-postmodern-genius-of-a-minecraft-movie,https://cheesegratermagazine.org/2025/05/08/pixelated-dreams-and-fractured-identities-the-postmodern-genius-of-a-minecraft-movie/,https://cheesegratermagazine.org/wp-content/uploads/2025/05/WhatsApp-Image-2025-05-06-at-2.23.37-AM.jpeg,Chicken Jockey! Graphic by Holly Turner
14352,2025/05/08/underdog-ucl-club-denied-of-varsity-victory-despite-10-5-triumph,https://cheesegratermagazine.org/2025/05/08/underdog-ucl-club-denied-of-varsity-victory-despite-10-5-triumph/,https://cheesegratermagazine.org/wp-content/uploads/2025/05/WhatsApp-Image-2025-05-08-at-4.36.45-PM-1100x734.jpeg,No happy ending for this underdog story. Photograph by UCL Futsal Club.
14338,2025/05/06/every-claim-for-halls-maintenance-compensation-rejected-by-ucl,https://cheesegratermagazine.org/2025/05/06/every-claim-for-halls-maintenance-compensation-rejected-by-ucl/,https://cheesegratermagazine.org/wp-content/uploads/2025/05/iforwindow-1100x825.png,"Mouldy windows in Ifor Evans, one of the Camden Road halls. Photograph source supplied."
14318,2025/05/04/why-there-is-no-reform-society-at-ucl-for-now,https://cheesegratermagazine.org/2025/05/04/why-there-is-no-reform-society-at-ucl-for-now/,https://cheesegratermagazine.org/wp-content/uploads/2025/05/Reform-Analysis-FINAL-1100x733.png,What would Jezza say? Nigel Farage's brand of rightwing populism may soon infiltrate the Godless College on Gower Street. Graphic by Nick Miao
14291,2025/04/29/ucl-ukrainian-society-suspended-after-buying-a-drone-to-fight-putin,https://cheesegratermagazine.org/2025/04/29/ucl-ukrainian-society-suspended-after-buying-a-drone-to-fight-putin/,https://cheesegratermagazine.org/wp-content/uploads/2025/04/Ukraine-Cover-FINAL-1100x733.jpg,The Union has suspended the Ukrainian Society after it emerged the committee had bought a drone for Ukraine using ticket sales from an unrelated Society event. Graphic by Nick Miao
14272,2025/04/24/there-s-more-to-ucl-than-selling-out-to-private-equity,https://cheesegratermagazine.org/2025/04/24/theres-more-to-ucl-than-selling-out-to-private-equity/,https://cheesegratermagazine.org/wp-content/uploads/2025/04/20241028_UCL_Careers_069_1f2b0.jpg,The conveyor belt to the corporations starts here  (Credit: Alejandro Walter Salinas Lopez via UCL Imagestore)
14244,2025/04/18/fellow-travellers-review-a-political-tale-of-forbidden-love-and-betrayal,https://cheesegratermagazine.org/2025/04/18/fellow-travellers-review-a-politically-important-opera-about-forbidden-love-and-betrayal/,https://cheesegratermagazine.org/wp-content/uploads/2025/04/WhatsApp-Image-2025-04-18-at-10.01.18-AM-1100x825.jpeg,Photograph by Roshni Ray/The Cheese Grater
14215,2025/04/17/disruptive-thinking-means-daring-to-be-political,https://cheesegratermagazine.org/2025/04/17/disruptive-thinking-means-daring-to-be-political/,https://cheesegratermagazine.org/wp-content/uploads/2025/04/WhatsApp-Image-2025-04-12-at-9.08.31-AM-1100x758.jpeg,A rally in central London protesting the Turkish Government. Photograph by Ismihan Uğurlu
14201,2025/04/17/scala-tickets-bought-up-by-major-investment-banks,https://cheesegratermagazine.org/2025/04/17/scala-tickets-bought-up-by-major-investment-banks/,https://cheesegratermagazine.org/wp-content/uploads/2025/04/14498362024_b8dd930c72_o-1100x733.jpg,"Forget Index Funds, Scala tickets are the new big thing. Photograph by Scott Beale via Flickr"
14193,2025/04/17/the-cheese-grater-s-guide-to-recession-indicators,https://cheesegratermagazine.org/2025/04/17/the-cheese-graters-guide-to-recession-indicators/,https://cheesegratermagazine.org/wp-content/uploads/2025/04/recession-1100x778.png,Nothing says recession more than shitty TV and pop music
14105,2025/04/03/provost-funded-israel-palestine-discussion-group-independent-from-provost-convener-insists,https://cheesegratermagazine.org/2025/04/03/provost-funded-israel-palestine-discussion-group-independent-from-provost-convener-insists/,https://cheesegratermagazine.org/wp-content/uploads/2025/04/ipi-1100x719.jpg,"From the left: Dr Julie Norman, Israeli peace activist Magen Inon, and Palestinian peace activist Hamze Awawde. Photograph by Shun-Hsing Chou/Israel-Palestine Initiative"
14095,2025/04/03/defiant-un-human-rights-lawyer-speaks-at-ucl-despite-pressure-from-pro-israel-groups,https://cheesegratermagazine.org/2025/04/03/defiant-un-human-rights-lawyer-speaks-at-ucl-despite-pressure-from-pro-israel-groups/,https://cheesegratermagazine.org/wp-content/uploads/2025/04/20250318_201325-1100x825.jpg,Police separated pro-Israel demonstrators and pro-Palestine counterprotesters. Photograph by Nick Miao/The Cheese Grater
14082,2025/03/31/ucl-men-s-rugby-clinch-victory-in-the-dying-embers-to-retain-varsity-title,https://cheesegratermagazine.org/2025/03/31/ucl-mens-rugby-clinch-victory-in-the-dying-embers-to-retain-varsity-title/,https://cheesegratermagazine.org/wp-content/uploads/2025/03/ruggers-1100x825.jpg,UCL's attacking line faces up against strong KCL defence (Credit: Robert Delaney)
14073,2025/03/30/ucl-emperors-crowned-victors-over-kcl-regents,https://cheesegratermagazine.org/2025/03/30/ucl-emperors-crowned-victors-over-kcl-regents/,https://cheesegratermagazine.org/wp-content/uploads/2025/03/AF-VARSITY-USE-1100x1467.jpg,Gearing up for the fight… (Credit: James Balloqui)
14051,2025/03/29/solid-uclwfc-side-dominates-king-s-and-brings-varsity-title-home,https://cheesegratermagazine.org/2025/03/29/solid-uclwfc-side-dominates-kings-and-brings-varsity-title-home/,https://cheesegratermagazine.org/wp-content/uploads/2025/03/football-varsity-womens-1100x1467.jpg,UCLWFC players run to celebrate with their fans after their victory in Varsity. Credit: Andrea Bidnic
14001,2025/03/29/ucl-snatches-first-ever-esports-varsity,https://cheesegratermagazine.org/2025/03/29/ucl-snatches-first-ever-esports-varsity/,https://cheesegratermagazine.org/wp-content/uploads/2025/03/WhatsApp-Image-2025-03-28-at-10.41.52-PM-3-1100x825.jpeg,UCL has kept its lead against King's throughout the day. Photograph by Go Kitajima/The Cheese Grater
13976,2025/03/27/ucl-falls-short-to-kcl-in-battle-for-varsity-tennis-triumph,https://cheesegratermagazine.org/2025/03/27/ucl-falls-short-to-kcl-in-battle-for-varsity-tennis-triumph/,https://cheesegratermagazine.org/wp-content/uploads/2025/03/cg-tennis-1100x1467.jpg,Second year Tom Skinner prepares a crushing serve for his opponent in men’s singles. (Credit: Sophia Marmion)
13961,2025/03/25/antigone-review-classic-greek-tragedy-leaves-audience-wanting-more,https://cheesegratermagazine.org/2025/03/25/antigone-review-classic-greek-tragedy-whilst-good-at-times-left-audience-members-wanting-more/,https://cheesegratermagazine.org/wp-content/uploads/2025/03/antigone.jpeg,Creon (Nathan Wong)  refuses to listen to Teiresias’s (Ashley New) prophetic advice. Credit: UCL Drama Society.
13904,2025/03/24/soc-bitch-issue-91-march-2025,https://cheesegratermagazine.org/2025/03/24/soc-bitch-issue-91-march-2025/,,
13857,2025/03/24/now-he-has-to-deliver-exclusive-interview-with-the-president-elect,https://cheesegratermagazine.org/2025/03/24/now-he-has-to-deliver-exclusive-interview-with-the-president-elect/,https://cheesegratermagazine.org/wp-content/uploads/2025/03/WhatsApp-Image-2025-03-21-at-8.35.35-PM-1100x825.jpeg,President-elect Ben Scanlan on radio with a room of Cheese Grater hacks. Photograph by Euan Toh
13841,2025/03/24/union-elections-the-results,https://cheesegratermagazine.org/2025/03/24/union-elections-the-results/,https://cheesegratermagazine.org/wp-content/uploads/2025/03/IMG_0162-1100x825.jpg,"The new sabbatical leadership team for 2025/26. From the left: Union President Ben Scanlan, Activities Officer Ana Boikova, Education Officer Sarah Jilani, Welfare Officer Hana Mougharbel, Equity Officer Eda Yildirimkaya, and Postgraduate Officer Darcy Lan. Photograph by Nick Miao"
13897,2025/03/23/ucl-s-food-waste-problem-confronted-by-surprise-art-installation-in-student-center,https://cheesegratermagazine.org/2025/03/23/ucls-food-waste-problem-confronted-by-surprise-art-installation-in-student-center/,https://cheesegratermagazine.org/wp-content/uploads/2025/03/unnamed-2-1100x553.png,Left: info board by Zero Food Waste UCL; Right: organisers Savina Hui and Carson Chan. Photograph by Szofi Vardy
13816,2025/03/23/ucl-destroys-weak-kcl-side-8-0-in-varsity-hockey-walkover,https://cheesegratermagazine.org/2025/03/23/ucl-destroys-weak-kcl-side-8-0-in-varsity-hockey-walkover/,https://cheesegratermagazine.org/wp-content/uploads/2025/03/Screenshot-2025-03-23-at-13.47.27.png,A moment of silence before the game. (Credit: Robert Delaney)
13775,2025/03/22/failed-joke-candidates-to-form-supervillain-league,https://cheesegratermagazine.org/2025/03/22/failed-joke-candidates-to-form-supervillain-league/,https://cheesegratermagazine.org/wp-content/uploads/2025/03/5880039212_a9802645e0_o-1100x733.jpg,Photograph by Julian Fong via Flickr
13788,2025/03/22/episode-11-interview-with-the-union-president-elect,https://cheesegratermagazine.org/2025/03/22/episode-11-interview-with-the-union-president-elect/,,
13724,2025/03/20/don-t-just-hope-for-change-vote-for-it,https://cheesegratermagazine.org/2025/03/20/dont-just-hope-for-change-vote-for-it/,https://cheesegratermagazine.org/wp-content/uploads/2025/03/20250319164146-1100x825.jpg,"Almost 4,000 candidates are standing for election. Photograph by Nick Miao"
13715,2025/03/20/the-union-s-election-rules-are-unfit-for-purpose,https://cheesegratermagazine.org/2025/03/20/the-unions-election-rules-are-unfit-for-purpose/,https://cheesegratermagazine.org/wp-content/uploads/2025/03/UCLUent08_02.jpg,Photograph by Mary Hinkley/UCL Media Services
13709,2025/03/20/pretending-sabbatical-office-is-a-grad-scheme-is-bad-for-democracy,https://cheesegratermagazine.org/2025/03/20/pretending-sabbatical-office-is-a-grad-scheme-is-bad-for-democracy/,https://cheesegratermagazine.org/wp-content/uploads/2025/03/2W3A0217.jpg,Photograph by Mary Hinkley/UCL Media Services
13585,2025/03/20/mud-throwing-in-union-elections-reaches-new-heights,https://cheesegratermagazine.org/2025/03/20/mud-throwing-in-union-elections-reaches-new-heights/,https://cheesegratermagazine.org/wp-content/uploads/2025/03/20250319164448-1100x825.jpg,"With polls set to close tomorrow, some candidates are getting rowdy. Photograph by Nick Miao"
13534,2025/03/20/poll-reveals-scale-of-union-s-apathy-crisis-as-most-students-say-they-don-t-know-or-don-t-care,https://cheesegratermagazine.org/2025/03/20/poll-reveals-scale-of-unions-apathy-crisis-as-most-students-say-they-dont-know-or-dont-care/,https://cheesegratermagazine.org/wp-content/uploads/2025/03/2W3A0217.jpg,"Some 4,000 candidates are standing for election... but does anyone care? Photograph by Mary Hinkley/UCL Media Services"
13560,2025/03/20/ucl-tories-to-host-robert-jenrick-for-115-a-head-dinner,https://cheesegratermagazine.org/2025/03/20/ucl-tories-to-host-robert-jenrick-mp-for-115-a-head-dinner/,https://cheesegratermagazine.org/wp-content/uploads/2025/03/Screenshot-2025-03-20-at-13.27.38.png,Robert Jenrick's big night out. Photograph from @UCLTories on Instagram
13470,2025/03/19/what-s-happening-with-the-union-elections,https://cheesegratermagazine.org/2025/03/19/whats-happening-with-the-union-elections/,https://cheesegratermagazine.org/wp-content/uploads/2025/03/20250319164146-1100x825.jpg,"Almost 4,000 candidates are competing in this year's elections. Photograph by Nick Miao"
13493,2025/03/19/the-hopeful-eight-meet-the-candidates-running-to-be-the-next-union-president,https://cheesegratermagazine.org/2025/03/19/the-hopeful-eight-meet-the-candidates-running-to-be-the-next-union-president/,https://cheesegratermagazine.org/wp-content/uploads/2025/03/Picture1-1100x855.png,Eight candidates are running to be Union President
13482,2025/03/19/explainer-how-does-the-union-work,https://cheesegratermagazine.org/2025/03/19/explainer-how-does-the-union-work/,https://cheesegratermagazine.org/wp-content/uploads/2025/03/UCLUent08_02.jpg,Photograph by Mary Hinkley/UCL Media Services
13427,2025/03/15/ucl-halls-to-hike-rent-by-3-9-despite-union-lobbying-efforts,https://cheesegratermagazine.org/2025/03/15/ucl-halls-to-hike-rent-by-3-9-despite-union-lobbying-efforts/,https://cheesegratermagazine.org/wp-content/uploads/2025/03/accom-graphic-1100x733.png,"From the left: Union President Goksu Danaci, Welfare Officer Rachel Lim, Provost Michael Spence, and Estates Director of Operations Ian Dancy. Graphic by Kotryna Taujanskaite"
13783,2025/03/14/episode-10-and-so-it-begins,https://cheesegratermagazine.org/2025/03/14/episode-10-and-so-it-begins/,,
13394,2025/03/12/record-4-000-candidates-compete-at-union-elections,https://cheesegratermagazine.org/2025/03/12/the-race-begins/,https://cheesegratermagazine.org/wp-content/uploads/2025/03/starter-pistol-1100x880.jpg,The starting gun has been fired on the 2025 Union elections
13321,2025/03/10/making-lasting-change-at-ucl-is-a-student-staff-problem,https://cheesegratermagazine.org/2025/03/10/making-lasting-change-at-ucl-is-a-student-staff-problem/,https://cheesegratermagazine.org/wp-content/uploads/2025/03/2W3A0210.jpg,Photograph by Mary Hinkley/UCL Media Services
13313,2025/03/10/ucl-hall-evacuates-over-crumbling-staircase,https://cheesegratermagazine.org/2025/03/10/ucl-hall-evacuates-over-crumbling-staircase/,https://cheesegratermagazine.org/wp-content/uploads/2025/03/115_117GowerStResidences_0175.jpg,Photograph by Mary Hinkley/UCL Media Services
13307,2025/03/10/michael-spence-inside-the-mind,https://cheesegratermagazine.org/2025/03/10/michael-spence-inside-the-mind/,https://cheesegratermagazine.org/wp-content/uploads/2025/03/Michael-Spence-UCL-Provost-82.jpg,Inquisitive... Photograph by Mat Wright/UCL Media Services
13297,2025/03/10/breaking-student-can-only-be-productive-in-east-london-cafe-with-7-flat-white,https://cheesegratermagazine.org/2025/03/10/breaking-student-can-only-be-productive-in-east-london-coffee-shop-with-7-flat-white/,https://cheesegratermagazine.org/wp-content/uploads/2025/03/nathan-dumlao-8d8v3YSgIBo-unsplash-1100x825.jpg,"""That'll be £1.3bn and your left kidney please."" Photograph by Nathan Dumlao via Unsplash"
13286,2025/03/10/falling-from-heaven-review-a-great-display-of-wit-and-existential-crisis,https://cheesegratermagazine.org/2025/03/10/review-of-falling-from-heaven-a-great-display-of-wit-and-existential-crisis/,https://cheesegratermagazine.org/wp-content/uploads/2025/03/WhatsApp-Image-2025-03-03-at-10.01.28-AM-e1741625644170.jpeg,Photograph by Paulina Sarbinska
12533,2025/03/10/hall-residents-launch-group-claim-for-normalised-maintenance-issues,https://cheesegratermagazine.org/2025/03/10/hall-residents-launch-group-claim-for-normalised-maintenance-issues/,https://cheesegratermagazine.org/wp-content/uploads/2025/05/iforwindow-1100x825.png,Mouldy windows in Ifor Evans. Photograph source supplied
12755,2025/03/07/episode-9-phineas-returns,https://cheesegratermagazine.org/2025/03/07/episode-9-phineas-returns/,,
12610,2025/03/07/down-your-union-sabb-visits-student-centre-toilets-on-birthday-and-more,https://cheesegratermagazine.org/2025/03/07/down-your-union-sabb-visits-student-centre-toilets-on-birthday-and-more/,https://cheesegratermagazine.org/wp-content/uploads/2025/02/Screenshot-2025-01-07-185545-e1738540350999.png,These meetings are the final set before the Union elections. Courtesy of @wheretopooatucl
12640,2025/03/07/fossil-fuel-sponsorship-ban-oppressive-and-discriminatory-engineers-claim-in-desperate-rant,https://cheesegratermagazine.org/2025/03/07/fossil-fuel-sponsorship-ban-oppressive-and-discriminatory-engineers-claim-in-desperate-rant/,https://cheesegratermagazine.org/wp-content/uploads/2025/03/uhm-actuall-1100x743.png,"Uhm, actually... Graphic by Kotryna Taujanskaite"
12630,2025/03/07/union-to-back-fossil-free-careers-after-two-years-of-political-ping-pong,https://cheesegratermagazine.org/2025/03/07/union-to-back-fossil-free-careers-after-two-years-of-political-ping-pong/,https://cheesegratermagazine.org/wp-content/uploads/2025/03/ucl_su_ffc_victory_600_x_300_px_600_x_400_px.600x0.jpg,Fossil Free Careers is now the Union's official position. Photograph by People & Planet
12598,2025/03/06/ramsay-hall-residents-to-receive-15-refund-for-catering-mayhem,https://cheesegratermagazine.org/2025/03/06/ramsay-hall-residents-to-receive-20-refund-for-catering-mayhem/,https://cheesegratermagazine.org/wp-content/uploads/2025/03/ramsay-sophia-1100x825.jpg,Photograph by Sophia Marmion
12589,2025/03/06/phineas-liberate-gallery-launches-to-celebrate-marginalised-artists,https://cheesegratermagazine.org/2025/03/06/phineas-liberate-gallery-launches-to-celebrate-marginalised-artists/,https://cheesegratermagazine.org/wp-content/uploads/2025/03/WhatsApp-Image-2025-03-06-at-4.24.25-PM-1-1100x825.jpeg,Photograph by Szofi Vardy
12564,2025/03/06/convicted-rapist-may-have-attacked-50-more-women,https://cheesegratermagazine.org/2025/03/06/convicted-rapist-may-have-attacked-50-more-women/,https://cheesegratermagazine.org/wp-content/uploads/2025/03/LAA-17-Discreet-camera.jpg,Police found a range of hidden cameras in Zou's bedroom. Photograph by Met Police
12434,2025/03/04/thursdays-to-blame-for-low-turnout-at-union-meeting-says-education-officer,https://cheesegratermagazine.org/2025/03/04/thursdays-to-blame-for-low-turnout-at-union-meeting-says-education-officer/,https://cheesegratermagazine.org/wp-content/uploads/2025/03/bg_chaudhary-1100x831.jpg,Where's Shaban? The Education Officer has refused to appear on Union social media for 330 days. Graphic by Jasmine Yiu and Kotryna Taujanskaite
12405,2025/03/04/ucl-paid-for-80-of-union-gym-refurbishment,https://cheesegratermagazine.org/2025/03/04/ucl-paid-for-80-of-union-gym-refurbishment/,,
12351,2025/03/02/episode-8-how-do-we-make-the-union-more-accountable,https://cheesegratermagazine.org/2025/03/02/episode-8-how-can-the-students-union-improve-its-accountability/,,
12095,2025/03/01/the-cemetery-of-social-connection-on-the-death-of-humour,https://cheesegratermagazine.org/2025/03/01/the-cemetery-of-social-connection-on-the-death-of-humour/,https://cheesegratermagazine.org/wp-content/uploads/2025/03/landscape-5059083_1280-1100x730.jpg,Humour is a way for us to share experiences and find common ground with new people
12088,2025/03/01/carousel-review-a-touching-rendition-of-an-american-cult-classic,https://cheesegratermagazine.org/2025/03/01/carousel-review-a-touching-rendition-of-an-american-cult-classic/,https://cheesegratermagazine.org/wp-content/uploads/2025/03/WhatsApp-Image-2025-02-28-at-7.36.00-PM-1100x825.jpeg,The grand finale. Photograph by Robert Delaney/The Cheese Grater
11939,2025/02/17/ucl-s-japanese-garden-is-glorifying-imperial-legacies,https://cheesegratermagazine.org/2025/02/17/ucls-japanese-garden-is-glorifying-imperial-legacies/,https://cheesegratermagazine.org/wp-content/uploads/2025/02/UCL8Jun2022_01.jpg,The Japanese Garden has a dark imperial history behind it. Photograph by Mary Hinkley/UCL
11925,2025/02/17/quad-closure-causing-major-accessibility-issues-wheelchair-user-says,https://cheesegratermagazine.org/2025/02/17/quad-closure-causing-major-accessibility-issues-wheelchair-user-says/,https://cheesegratermagazine.org/wp-content/uploads/2025/02/980_240724viewfromlgf_liftsouthside-1100x715.webp,Will fancy projections match up with reality? Image by Nicholas Burwell Architects/UCL
11918,2025/02/17/a-case-for-raving-losing-yourself-in-an-amorphous-body,https://cheesegratermagazine.org/2025/02/17/a-case-for-raving-losing-yourself-in-an-amorphous-body/,https://cheesegratermagazine.org/wp-content/uploads/2025/02/franky-s-1100x825.jpg,There's more to raving than getting drunk and contracting tinnitus. Photograph by Franky Slater
11906,2025/02/16/aristophanes-frogs-review-unhinged-playful-and-extremely-gay,https://cheesegratermagazine.org/2025/02/16/aristophanes-frogs-review-unhinged-playful-and-extremely-gay/,https://cheesegratermagazine.org/wp-content/uploads/2025/02/WhatsApp-Image-2025-02-16-at-3.19.20-PM.jpeg,Cast of this year's Frogs. Photograph by UCL Greek and Latin Department
11881,2025/02/15/is-the-students-union-an-elective-dictatorship,https://cheesegratermagazine.org/2025/02/15/is-the-students-union-an-elective-dictatorship/,https://cheesegratermagazine.org/wp-content/uploads/2025/02/james-voices-1-1.jpg,Back in the good old days... A Students' Union poster from 1977 protesting against education cuts. Photograph by College Archives / UCL Media Services
11857,2025/02/14/union-apologises-for-being-too-inclusive,https://cheesegratermagazine.org/2025/02/14/union-apologises-for-being-too-inclusive/,https://cheesegratermagazine.org/wp-content/uploads/2025/02/UCL-Chinese-New-Year-2022_009.jpg,"The Union had no problem calling it ""Lunar New Year"" in years previous. Photograph by Alejandro Walter Salinas Lopez/UCL Media Services"
11838,2025/02/14/episode-7-valentine-s-day-pre-election-special,https://cheesegratermagazine.org/2025/02/14/episode-7-valentines-day-pre-election-special/,,
11814,2025/02/13/ucl-bans-straight-people-for-valentine-s-day,https://cheesegratermagazine.org/2025/02/13/ucl-bans-straight-people-for-valentines-day/,https://cheesegratermagazine.org/wp-content/uploads/2025/02/vd25-1100x734.webp,There will be none of this malarkey on my watch
11799,2025/02/13/vending-machine-rebellion-occupies-student-centre,https://cheesegratermagazine.org/2025/02/13/vending-machine-rebellion-occupies-student-centre/,https://cheesegratermagazine.org/wp-content/uploads/2025/02/WhatsApp-Image-2025-02-13-at-2.29.38-PM-1100x618.jpeg,Standoff... Photograph by Seth Harris/The Cheese Grater
11768,2025/02/12/ucl-divests-from-major-weapon-parts-manufacturer,https://cheesegratermagazine.org/2025/02/12/ucl-divests-from-major-arms-supplier/,https://cheesegratermagazine.org/wp-content/uploads/2024/11/WhatsApp-Image-2024-11-03-at-5.16.10-PM-1-1100x733.jpeg,The UCL Provost has insisted the investment broke no rules. Photograph by Nyla Rizvi/The Cheese Grater
11756,2025/02/12/the-students-union-isn-t-going-to-fix-itself,https://cheesegratermagazine.org/2025/02/12/the-students-union-isnt-going-to-fix-itself/,https://cheesegratermagazine.org/wp-content/uploads/2025/02/uclu-graphic-1100x825.jpg,We all know the Union is broken. But acknowledging it is just the start
11725,2025/02/11/episode-6-should-ssees-director-richard-mole-resign,https://cheesegratermagazine.org/2025/02/11/episode-6-should-ssees-director-richard-mole-resign/,,
11721,2025/02/11/episode-5-should-big-oil-be-funding-clubs-and-socs,https://cheesegratermagazine.org/2025/02/11/episode-5-should-big-oil-be-funding-clubs-and-socs/,,
11708,2025/02/11/the-cheese-grater-will-not-succumb-to-the-woke-ucl-east-agenda,https://cheesegratermagazine.org/2025/02/11/the-cheese-grater-will-not-succumb-to-the-woke-ucl-east-agenda/,https://cheesegratermagazine.org/wp-content/uploads/2025/02/ucl-woke-1100x735.webp,Home of the globalist elite... Photograph by UCL Media Services
11692,2025/02/11/rhapsody-review-annual-showcase-blows-the-roof-off-bloomsbury,https://cheesegratermagazine.org/2025/02/11/rhapsody-2025-review-annual-showcase-blows-the-roof-off-bloomsbury/,https://cheesegratermagazine.org/wp-content/uploads/2025/02/TOO02376-1100x733.jpg,Real talent... Photograph by Jonathan Clive/UCL Live Music Society
11626,2025/02/10/quad-closure-it-s-happening,https://cheesegratermagazine.org/2025/02/10/quad-closure-begins/,https://cheesegratermagazine.org/wp-content/uploads/2025/02/20250208_212532-1100x825.jpg,The day has finally come. Photograph by Nick Miao/The Cheese Grater
11506,2025/02/08/inside-the-attempt-to-fix-the-union,https://cheesegratermagazine.org/2025/02/08/inside-the-attempt-to-fix-the-union/,https://cheesegratermagazine.org/wp-content/uploads/2025/02/uclu-graphic-1100x825.jpg,"The future of Union democracy is gloomy, but there are reasons for cautious optimism"
11485,2025/02/07/quad-closure-endangered-trees-saved-by-staff-led-petition,https://cheesegratermagazine.org/2025/02/07/quad-closure-endangered-trees-saved-by-staff-led-petition/,https://cheesegratermagazine.org/wp-content/uploads/2025/02/UCL8Jun2022_05.jpg,The ginkgo trees have stood in the Quad for over four decades. Photograph by Mary Hinkley/UCL Media Services
11345,2025/02/04/head-of-ssees-to-step-back-from-duties-for-remainder-of-term,https://cheesegratermagazine.org/2025/02/04/head-of-ssees-resigns-over-viral-video/,https://cheesegratermagazine.org/wp-content/uploads/2025/02/Screenshot-2025-02-03-011637-1100x920.png,Courtesy of UCL Stands For Justice (@uclstand4justice)
11260,2025/02/03/a-monster-calls-review-a-hauntingly-beautiful-play-that-packs-a-punch,https://cheesegratermagazine.org/2025/02/03/a-monster-calls-review-a-hauntingly-beautiful-play-that-packs-a-punch/,https://cheesegratermagazine.org/wp-content/uploads/2025/02/Screenshot-2025-02-03-040919-e1738555917659-1100x776.webp,Felix May as Conor O’Malley. Photograph by UCL Drama Society
11111,2025/02/03/no-man-would-want-to-touch-you-ssees-director-tells-palestine-activist,https://cheesegratermagazine.org/2025/02/03/no-man-would-want-to-touch-you-ssees-director-tells-palestine-activist/,https://cheesegratermagazine.org/wp-content/uploads/2025/02/Screenshot-2025-02-03-011637-1100x920.png,Courtesy of UCL Stands For Justice (@uclstand4justice)
11244,2025/02/03/sabbs-abstain-in-vote-to-ban-oil-and-gas-sponsorships-for-societies,https://cheesegratermagazine.org/2025/02/03/sabbs-abstain-in-vote-to-ban-oil-and-gas-sponsorships-for-societies/,https://cheesegratermagazine.org/wp-content/uploads/2025/02/IMG_5001-1100x825.jpg,Harris emphatically campaigned against the Union's ties with Barclays when he ran for student trustee. Photograph by Nick Miao/The Cheese Grater
11149,2025/02/03/state-school-student-accidentally-admitted-to-ucl-still-hoping-no-one-will-notice,https://cheesegratermagazine.org/2025/02/03/state-school-student-accidentally-admitted-to-ucl-still-hoping-no-one-will-notice/,https://cheesegratermagazine.org/wp-content/uploads/2025/02/SophieMitchell-UCL-June2024-512.jpg,"""What A-levels did you do?"" Fuck off. Photograph by Sophie Mitchell/UCL Media Services"
11101,2025/02/03/the-cheese-grater-banned-from-ucl-charity-swimathon-after-drowning-incident,https://cheesegratermagazine.org/2025/02/03/cheese-grater-banned-from-ucl-charity-swimathon-after-drowning-incident/,https://cheesegratermagazine.org/wp-content/uploads/2025/02/woman-422546_1280-1100x825.jpg,Drowned... Graters face the consequences of their own actions. Photograph by Daniel Perrig/Pixabay
11086,2025/02/03/now-is-a-good-time-to-join-the-cheese-grater,https://cheesegratermagazine.org/2025/02/03/now-is-a-good-time-to-join-the-cheese-grater/,https://cheesegratermagazine.org/wp-content/uploads/2025/01/WhatsApp-Image-2025-01-16-at-3.48.28-PM-e1737045850371-1100x824.jpeg,Cheese Grater staff celebrate at the SPA London regional awards. Photograph by Lily Park
11081,2025/02/03/a-new-page-for-media,https://cheesegratermagazine.org/2025/02/03/a-new-page-for-media/,https://cheesegratermagazine.org/wp-content/uploads/2024/01/Screenshot-2024-01-18-at-11.44.24 AM.png,Graphic by Tess Meerson
11071,2025/02/03/dear-london-you-don-t-know-how-good-you-ve-got-it,https://cheesegratermagazine.org/2025/02/03/dear-london-you-dont-know-how-good-youve-got-it/,https://cheesegratermagazine.org/wp-content/uploads/2025/02/54155415725_d552d1934c_k-1100x825.jpg,The new tram bus makes my heart sing with glee. Photograph by Matt Brown/Londonist
11059,2025/02/03/access-ucl-or-don-t-how-ucl-enables-a-culture-of-classism,https://cheesegratermagazine.org/2025/02/03/access-ucl-or-dont-how-ucl-enables-a-culture-of-classism/,https://cheesegratermagazine.org/wp-content/uploads/2025/01/Grad_15_AWSL061-1100x734.jpg,Photograph by Alejandro Lopez/UCL Media Services
11051,2025/02/03/soc-bitch-issue-89-january-2025,https://cheesegratermagazine.org/2025/02/03/soc-bitch-issue-89-january-2025/,,
11044,2025/02/03/yes-every-inconvenience-is-aimed-at-you-in-particular,https://cheesegratermagazine.org/2025/02/03/yes-every-inconvenience-is-aimed-at-you-in-particular/,https://cheesegratermagazine.org/wp-content/uploads/2025/02/upset-534103_1280-1100x825.jpg,There's no such thing as a coincidence. Photograph via Pixabay
11036,2025/02/03/all-in-a-day-s-work-ucl-wraps-up-investment-review-in-one-day,https://cheesegratermagazine.org/2025/02/03/all-in-a-days-work-ucl-wraps-up-investment-review-in-one-day/,https://cheesegratermagazine.org/wp-content/uploads/2025/01/Provost-at-UCL-East_1-1100x688.jpg,Provost... off to the pub. Photograph by Mary Hinkley via UCL Imagestore
11025,2025/02/03/any-way-you-slice-it-we-re-better,https://cheesegratermagazine.org/2025/02/03/any-way-you-slice-it-were-better/,,
11017,2025/02/02/disgraced-union-president-stole-a-carton-of-juice,https://cheesegratermagazine.org/2025/02/02/disgraced-union-president-stole-a-carton-of-juice/,https://cheesegratermagazine.org/wp-content/uploads/2024/10/25GordonStreet-1024x6351-1.png,This article was jointly funded Rupert Murdoch and the Make UCL Great Again campaign
11008,2025/02/02/working-toilet-found-in-student-centre-on-first-try,https://cheesegratermagazine.org/2025/02/02/working-toilet-found-in-student-centre-on-first-try/,https://cheesegratermagazine.org/wp-content/uploads/2025/02/Screenshot-2025-01-07-185545-e1738540350999.png,Flushed... a rare sight (@wheretopooatucl)
10985,2025/02/02/sassy-intruder-with-an-agenda-zoro-the-campus-fox,https://cheesegratermagazine.org/2025/02/02/sassy-intruder-with-an-agenda-zoro-the-campus-fox/,https://cheesegratermagazine.org/wp-content/uploads/2025/02/1000017599-e1738540153669.jpg,Trespasser... Little shit thinks he owns the place
10970,2025/02/02/special-ucl-taskforce-foils-terror-threat,https://cheesegratermagazine.org/2025/02/02/special-ucl-taskforce-foils-terror-threat/,https://cheesegratermagazine.org/wp-content/uploads/2025/02/Untitled-6-December-2024-18.57.webp,Graphic by Sophia Lally
10964,2025/02/02/computer-science-student-makes-history-dating-ai-scam-bot,https://cheesegratermagazine.org/2025/02/02/computer-science-student-makes-history-dating-ai-scam-bot/,https://cheesegratermagazine.org/wp-content/uploads/2025/02/jafjkfnejklfneslk-1100x713.webp,Graphic by Kotryna Taujanskaite
10950,2025/02/02/i-m-more-than-just-an-oxbridge-reject,https://cheesegratermagazine.org/2025/02/02/im-more-than-just-an-oxbridge-reject/,https://cheesegratermagazine.org/wp-content/uploads/2025/02/oxbridgereject1.webp,Graphic by Kotryna Taujanskaite
10945,2025/02/02/union-did-not-realise-disability-officer-had-dropped-out-of-ucl,https://cheesegratermagazine.org/2025/02/02/union-failed-to-realise-disability-officer-had-dropped-out-of-ucl/,https://cheesegratermagazine.org/wp-content/uploads/2024/10/25GordonStreet-1024x6351-1.png,Equity sabb Eda Yildirimkaya will take on the role in an interim capacity
10915,2025/02/02/murky-tap-water-in-halls-safe-to-drink-says-ucl,https://cheesegratermagazine.org/2025/02/02/murky-tap-water-in-halls-safe-to-drink-says-ucl/,https://cheesegratermagazine.org/wp-content/uploads/2025/02/jl-tap-1.jpg,Murky waters in UCL accommodation. Image: Source supplied/The Cheese Grater
10905,2025/02/02/waterlogged-room-reported-in-ucl-hall-after-storm-connall,https://cheesegratermagazine.org/2025/02/02/waterlogged-room-reported-in-ucl-hall-after-storm-connall/,https://cheesegratermagazine.org/wp-content/uploads/2025/02/89a1602_replacesky_-1100x734.jpg,A small single room at John Adams Hall will set you back £223.30 a week. Photograph by UCL Accommodation
10373,2025/01/30/ex-ucl-student-accused-of-drugging-and-raping-10-women,https://cheesegratermagazine.org/2025/01/30/ex-ucl-student-accused-of-drugging-and-raping-10-women/,https://cheesegratermagazine.org/wp-content/uploads/2025/01/LDN352018_096.jpg,The former UCL student is facing 35 charges in total. Photograph by Mary Hinkley/UCL
10363,2025/01/29/episode-4-are-ucl-students-enabling-a-culture-of-classism,https://cheesegratermagazine.org/2025/01/29/episode-4-are-ucl-students-enabling-a-culture-of-classism/,,
10220,2025/01/20/ucl-support-tool-did-more-harm-than-good-report-finds,https://cheesegratermagazine.org/2025/01/20/ucl-support-tool-did-more-harm-than-good-report-finds/,https://cheesegratermagazine.org/wp-content/uploads/2025/01/rs-graphic-2-1100x754.jpg,"The complaints body said it was ""not satisfied"" the University's apology was enough to address the ""scale and significance"" of failure and impact"
10318,2025/01/20/see-the-bright-side-of-january,https://cheesegratermagazine.org/2025/01/20/see-the-bright-side-of-january/,https://cheesegratermagazine.org/wp-content/uploads/2025/01/unnamed-1.webp,"For two weeks, UCL and the Students’ Union join forces to beat January Blues with a whole host of uplifting events. Photograph courtesy of Student Support & Wellbeing"
10110,2025/01/19/ucl-union-resumed-banking-with-barclays-as-soon-as-ban-expired,https://cheesegratermagazine.org/2025/01/19/ucl-union-resumed-banking-with-barclays-as-soon-as-ban-expired/,https://cheesegratermagazine.org/wp-content/uploads/2025/01/barclays-png-2-1100x693.jpg,"""Shut up and take my money!"" Graphic by Kotryna Taujanskaite"
10101,2025/01/19/globetrotting-sabbs-to-rack-up-at-least-18-500-air-miles,https://cheesegratermagazine.org/2025/01/19/globetrotting-sabbs-to-rack-up-at-least-18500-air-miles/,https://cheesegratermagazine.org/wp-content/uploads/2025/01/airmiles-graphic-1100x730.jpg,Union sabbs have struggled to defend the carbon cost of their travels. Graphic by Nick Miao
10127,2025/01/19/michael-spence-confirmed-for-second-term-as-provost,https://cheesegratermagazine.org/2025/01/19/michael-spence-confirmed-for-second-term-as-provost/,https://cheesegratermagazine.org/wp-content/uploads/2025/01/Provost-at-UCL-East_1-1100x688.jpg,Long live the Provost. Photograph by Mary Hinkley via UCL Imagestore
10187,2025/01/19/cold-ucl-advisor-tells-student-to-leave-the-uk-within-24-hours,https://cheesegratermagazine.org/2025/01/19/cold-ucl-advisor-tells-student-to-leave-the-uk-within-24-hours/,https://cheesegratermagazine.org/wp-content/uploads/2025/01/UCL_20230922_540-1100x734.jpg,"“The UK is lucky to have its international students”, the Provost exulted in February. Photograph by Lucy Pope via UCL Imagestore"
10196,2025/01/19/ucl-nearly-overcharged-international-student-6-000-in-fees-by-mistake,https://cheesegratermagazine.org/2025/01/19/ucl-nearly-overcharged-international-student-6000-in-fees-by-mistake/,https://cheesegratermagazine.org/wp-content/uploads/2025/01/Grad_15_AWSL061-1100x734.jpg,UK universities are increasingly reliant on funding from international student fees. Photograph by Alejandro Lopez/UCL Media Services
10181,2025/01/19/broken-heating-leaves-patient-shivering-at-ucl-mental-health-clinic,https://cheesegratermagazine.org/2025/01/19/broken-heating-leaves-patient-shivering-at-ucl-mental-health-clinic/,https://cheesegratermagazine.org/wp-content/uploads/2025/01/University-Clinic-scaled.jpg,Cold reception at the University Clinic. Photograph by Nick Miao/The Cheese Grater
10208,2025/01/19/london-tech-bros-break-into-ramsay-hall-to-promote-app,https://cheesegratermagazine.org/2025/01/19/london-tech-bros-break-into-ramsay-hall-to-promote-app/,https://cheesegratermagazine.org/wp-content/uploads/2025/01/Screenshot_20250108-123702_Instagram-e1737310293889.jpg,Distasteful... UCL physics graduate and tech firm co-founder Christian Brown pretends to be homeless for likes on Instagram
10202,2025/01/19/plight-of-working-students-sidelined-by-history-department-campaigners-say,https://cheesegratermagazine.org/2025/01/19/plight-of-working-students-sidelined-by-history-department-campaigners-say/,https://cheesegratermagazine.org/wp-content/uploads/2025/01/indra-projects-E-a0NiCrncM-unsplash-scaled-e1737309761459-1100x825.jpg,Two-thirds surveyed said work commitments raised anxiety and stress levels. Photograph by Indra Projects/Unsplash
10157,2025/01/19/quad-closure-ucl-to-cut-down-endangered-trees,https://cheesegratermagazine.org/2025/01/19/ucl-to-cut-down-endangered-trees/,https://cheesegratermagazine.org/wp-content/uploads/2025/01/unnamed.webp,"Ginkgo tree (left) on the Main Quad, early 1980s. Photograph courtesy of UCL Special Collections"
10139,2025/01/19/around-hundred-attend-vigil-for-ucl-alumni-killed-by-israel,https://cheesegratermagazine.org/2025/01/19/around-hundred-attend-vigil-for-ucl-alumni-killed-by-israel/,https://cheesegratermagazine.org/wp-content/uploads/2025/01/WhatsApp-Image-2025-01-19-at-5.10.55-PM-1100x825.jpeg,Photograph by Daya Ravi/The Cheese Grater
10145,2025/01/19/art-is-political-say-activists-who-raised-1k-for-palestine,https://cheesegratermagazine.org/2025/01/19/art-is-political-say-activists-who-raised-1k-for-palestine/,https://cheesegratermagazine.org/wp-content/uploads/2025/01/WhatsApp-Image-2024-12-06-at-3.38.07-PM-1100x825.jpeg,Photograph by Roshi Ray/The Cheese Grater
10061,2025/01/16/the-cheese-grater-named-best-publication-in-london,https://cheesegratermagazine.org/2025/01/16/the-cheese-grater-named-best-publication-in-london/,https://cheesegratermagazine.org/wp-content/uploads/2025/01/WhatsApp-Image-2025-01-16-at-3.48.28-PM-e1737045850371-1100x824.jpeg,Cheese Grater staff celebrate at the SPA London regional awards. Photograph by Lily Park
10041,2025/01/15/why-labour-loves-ucl-east,https://cheesegratermagazine.org/2025/01/15/analysis-why-labour-loves-ucl-east/,https://cheesegratermagazine.org/wp-content/uploads/2025/01/54263419247_24089fea36_b.jpg,The Prime Minister & Peter Kyle MP “bleed purple” in UCL merch. Photograph by Number 10
10022,2025/01/13/ucl-quad-closure-goes-ahead-with-key-questions-unanswered,https://cheesegratermagazine.org/2025/01/13/quad-closure-goes-ahead-with-key-questions-unanswered/,https://cheesegratermagazine.org/wp-content/uploads/2025/01/lift_connection_overview_v1_0-1100x619.png,The Quad is poised to look very different in a year's time (UCL/Nicholas Burwell Architects)
10007,2024/12/13/episode-3-are-international-students-cash-cows,https://cheesegratermagazine.org/2024/12/13/episode-3-are-international-students-cash-cows/,,
9983,2024/12/09/episode-2-the-state-of-student-housing,https://cheesegratermagazine.org/2024/12/09/episode-2-in-conversation-with-accommodation-housing-officer-ben-scanlan/,,
9953,2024/12/09/britain-needs-you-mcfadden-appeals-to-disrupters-to-help-reform-government,https://cheesegratermagazine.org/2024/12/09/britain-needs-you-government-appeals-to-disrupters-to-help-reform-civil-service/,https://cheesegratermagazine.org/wp-content/uploads/2024/12/Pat-McFadden-UCLE-1100x825.jpeg,Pat McFadden in UCL East earlier today. Photograph by Nick Miao/The Cheese Grater
9954,2024/12/09/24-hours-in-the-student-center-basement,https://cheesegratermagazine.org/2024/12/09/24-hours-in-the-student-center-basement/,https://cheesegratermagazine.org/wp-content/uploads/2024/12/2W3A0204-1-1100x734.jpg,The Gates to Hell... Credit: UCL
9938,2024/12/08/we-have-taken-your-boyfriend-ucl-student-targeted-in-tailored-ai-phone-scam,https://cheesegratermagazine.org/2024/12/08/we-have-taken-your-boyfriend-ucl-student-targeted-in-tailored-ai-phone-scam/,https://cheesegratermagazine.org/wp-content/uploads/2024/12/sophia-e1733689465663.jpg,Scammer at work... Photograph by Sophia Marmion
9932,2024/12/08/revealed-universities-admitting-students-with-poor-english-proficiency,https://cheesegratermagazine.org/2024/12/08/revealed-universities-admitting-students-with-poor-english-proficiency/,https://cheesegratermagazine.org/wp-content/uploads/2024/12/240524_J-TYE_UCL_239_Graduation-2024_6330-1100x735.jpg,"UCL boasts 25,000 overseas students - 51% of the student body - in 2023/24. Photograph by James Tye via UCL Imagestore"
9874,2024/12/07/year-abroad-student-in-2-000-debt-after-turing-scheme-payment-delays,https://cheesegratermagazine.org/2024/12/07/year-abroad-student-in-2000-debt-after-turing-scheme-payment-delays/,https://cheesegratermagazine.org/wp-content/uploads/2024/12/ABS-Policy-Paper-No29-UK-EU-Relationship-1320x880-1-1100x733.jpg,The Turing Scheme replaced the EU’s Erasmus+ in 2021. Photograph by Gary Knight/CC0 1.0
9814,2024/12/04/ucl-medics-back-nhs-privatisation-in-debate,https://cheesegratermagazine.org/2024/12/04/medics-vote-in-favour-of-nhs-privatisation-motion-in-debate/,https://cheesegratermagazine.org/wp-content/uploads/2024/12/unnamed.jpg,Clash...  Photograph: James Balloqui and Robin Elfsberg/The Cheese Grater
9724,2024/12/02/episode-1-what-was-the-union-president-doing-at-cop29,https://cheesegratermagazine.org/2024/12/02/grater-insight-episode-1/,,
9658,2024/12/01/shrek-review-sellout-musical-takes-the-bloomsbury-by-storm,https://cheesegratermagazine.org/2024/12/01/shrek-review-sellout-musical-takes-the-bloomsbury-by-storm/,https://cheesegratermagazine.org/wp-content/uploads/2024/12/20241130_194725_deblurred_cropped-1100x740.jpg,“Get out of my swamp!” Oliver Sykes as Shrek at the Bloomsbury Theatre.  Photograph: Nick Miao/The Cheese Grater
9524,2024/11/24/ucl-s-harm-reduction-policy-is-a-victory-for-compassion-and-common-sense,https://cheesegratermagazine.org/2024/11/24/ucls-harm-reduction-policy-is-a-victory-for-compassion-and-common-sense/,https://cheesegratermagazine.org/wp-content/uploads/2024/11/UCL20Apr2010_0018-1100x734.jpg,Credit: Mary Hinkley/UCL Media Services via UCL Imagestore
9303,2024/11/24/the-cheese-grater-s-guide-to-london,https://cheesegratermagazine.org/2024/11/24/the-cheese-graters-guide-to-london/,https://cheesegratermagazine.org/wp-content/uploads/2024/11/bing-bong1-1100x641.webp,Graphic by Kotryna Taujanskaite
9231,2024/11/24/ucl-deserves-a-culture-of-debate-and-discourse,https://cheesegratermagazine.org/2024/11/24/ucl-deserves-a-culture-of-debate-and-discourse/,https://cheesegratermagazine.org/wp-content/uploads/2024/11/WhatsApp-Image-2024-11-22-at-7.39.18-AM-1100x825.jpeg,Over 300 attended the King's cross-party debate on Thursday evening (Credit: Ben Scanlan)
9345,2024/11/24/the-welkin-review-a-period-drama-with-profound-themes,https://cheesegratermagazine.org/2024/11/24/the-welkin-review/,https://cheesegratermagazine.org/wp-content/uploads/2024/11/DSCF4800-1100x733.jpg,A modern period drama with profound themes (Credit: The Welkin/UCL Drama Society)
9257,2024/11/24/union-president-didn-t-feel-comfortable-at-cop29,https://cheesegratermagazine.org/2024/11/24/union-president-didnt-feel-comfortable-at-cop29/,https://cheesegratermagazine.org/wp-content/uploads/2024/11/54143383601_8ef1647f08_k-1100x733.jpg,Protests at COP29 (Credit: UN Climate Change/Habib Samadov via Flickr/CC BY-NC-SA 2.0)
9294,2024/11/24/ucl-adopts-harm-reduction-drug-policy-in-real-win-for-student-wellbeing,https://cheesegratermagazine.org/2024/11/24/ucl-adopts-harm-reduction-drug-policy-in-real-win-for-student-wellbeing/,https://cheesegratermagazine.org/wp-content/uploads/2024/11/S_UK-UCL-381-1100x734.jpg,Stoner circle (Credit: Mat Wright via UCL Imagestore)
9310,2024/11/24/the-thing-going-around-at-the-moment-knocks-out-entire-ucl-student-population,https://cheesegratermagazine.org/2024/11/24/the-thing-going-around-at-the-moment-knocks-out-entire-ucl-student-population/,https://cheesegratermagazine.org/wp-content/uploads/2024/11/coronavirus-4958989_1280-1100x733.jpg,"Visualisation of ""the thing"" (Credit: Pixabay)"
9246,2024/11/23/ucl-professor-launches-israel-palestine-discussion-project,https://cheesegratermagazine.org/2024/11/23/ucl-professor-launches-breakthrough-israel-palestine-discussion-project/,https://cheesegratermagazine.org/wp-content/uploads/2024/11/WhatsApp-Image-2024-11-23-at-3.28.20-PM.jpeg,Around 50 students attended its first meeting on Monday (Credit: Israel-Palestine Initiative)
9093,2024/11/21/revealed-scammers-targeting-students-with-sabrina-carpenter-tickets,https://cheesegratermagazine.org/2024/11/21/new-concert-scam-targeting-ucl-students-on-whatsapp/,https://cheesegratermagazine.org/wp-content/uploads/2024/11/scjb-768x801.webp,“I’m working late ‘cus I’m a scammer” (Graphic by Kotryna Taujanskaite)
9078,2024/11/19/our-fight-for-freedom-knows-no-distance,https://cheesegratermagazine.org/2024/11/19/3000-miles-away-from-tbilisi-georgian-students-fight-for-another-future/,https://cheesegratermagazine.org/wp-content/uploads/2024/11/unnamed-1100x734.webp,"Protesters left this stained transparent white suit outside of the Georgian Embassy in Central London to symbolise the lack of vote secrecy in the legislative elections, as ballots could be seen through the thin envelopes. (Credit: Tati Surguladzeh)"
9038,2024/11/19/engineering-lab-fire-related-to-student-experiment-ucl-says,https://cheesegratermagazine.org/2024/11/19/cause-of-ucl-lab-fire-under-investigation/,https://cheesegratermagazine.org/wp-content/uploads/2024/11/20241119_131335-1100x825.jpg,Firefighters and paramedics attended the scene (Credit: Nick Miao)
8956,2024/11/17/ucl-to-review-investments-in-major-win-for-pro-palestine-activists,https://cheesegratermagazine.org/2024/11/17/ucl-to-review-investments-in-major-win-for-pro-palestine-activists/,https://cheesegratermagazine.org/wp-content/uploads/2024/11/WhatsApp-Image-2024-11-03-at-5.16.10-PM-8-1100x734.jpeg,Students protesting at a pro-Palestine rally (Credit: Nyla Rizvi)
8918,2024/11/13/an-obituary-of-middle-eastern-studies,https://cheesegratermagazine.org/2024/11/13/obituary-of-middle-eastern-studies/,https://cheesegratermagazine.org/wp-content/uploads/2024/11/15745980116_88cc2bcab5_k-1100x733.jpg,(Credit: Can Pac Swire via Flickr/CC BY-NC 2.0)
8798,2024/11/11/no-jobs-for-graduates-if-union-bans-oil-and-gas-sponsorships-engineers-warn,https://cheesegratermagazine.org/2024/11/11/no-jobs-for-graduates-if-union-bans-oil-and-gas-sponsorships-engineers-warn/,https://cheesegratermagazine.org/wp-content/uploads/2024/11/IMG_4629-1100x825.jpg,Unemployed gang... The first Activities Zone of the year was packed with Cheese Grater journalists. Photograph by Nick Miao
8764,2024/11/11/spotted-on-uclove,https://cheesegratermagazine.org/2024/11/11/spotted-on-uclove/,,
8743,2024/11/11/ucl-apologises-for-viral-clip-showing-live-worm-in-ramsay-food,https://cheesegratermagazine.org/2024/11/11/ucl-apologises-for-viral-clip-showing-live-worm-in-ramsay-food/,https://cheesegratermagazine.org/wp-content/uploads/2024/11/WhatsApp-Image-2024-10-28-at-11.24.49-AM-e1731276668120.jpeg,Dead inside: I think the tangerine’s rotten right to the core… 🎶 (Credit: Coryn Gyimah)
8668,2024/11/11/bloomsbury-s-bananas-a-tale-of-massacres-coups-and-ethical-consumption,https://cheesegratermagazine.org/2024/11/11/bloomsburys-bananas-a-tale-of-massacres-coups-and-ethical-consumption/,https://cheesegratermagazine.org/wp-content/uploads/2024/11/1024px-Chiquita_logo_2019.svg1_-300x364.png,
8892,2024/11/11/significant-increase-in-phone-and-internet-scams-ucl-s-cybersecurity-chief-warns,https://cheesegratermagazine.org/2024/11/11/significant-increase-in-phone-and-internet-scams-ucls-cybersecurity-chief-warns/,https://cheesegratermagazine.org/wp-content/uploads/2024/11/DSC00610_71de2.jpg,“Whoops that one was Eduroam” (Credit: Alejandro Walter Salinas Lopez/UCL Imagestore)
8728,2024/11/11/scabies-crisis-under-the-radar-despite-rising-cases-of-infection-across-the-uk,https://cheesegratermagazine.org/2024/11/11/scabies-crisis-under-the-radar-despite-rising-cases-of-infection-across-the-uk/,https://cheesegratermagazine.org/wp-content/uploads/2024/11/16759309287_5244763901_k-1100x619.jpg,"Close to home: UCLH reported a 66% increase in scabies diagnoses (Credit: Colin Anderson via Flickr, CC BY 2.0)"
8594,2024/11/04/government-to-hike-tuition-fees-after-budget-fail-to-mention-students,https://cheesegratermagazine.org/2024/11/04/government-to-hike-tuition-fees-after-budget-fail-to-mention-students/,https://cheesegratermagazine.org/wp-content/uploads/2024/11/53581303148_a7acdb0f20_k-1100x733.jpg,"“Sorry kid, but you don't fit my definition of working people.”"
8534,2024/10/31/ucl-themed-halloween-costume-ideas,https://cheesegratermagazine.org/2024/10/31/ucl-themed-halloween-costume-ideas/,https://cheesegratermagazine.org/wp-content/uploads/2024/10/jb-pb-colour.png,Graphic by Kotryna Taujanskaite
8551,2024/10/31/dear-phantom-flatmate,https://cheesegratermagazine.org/2024/10/31/phantom-flatmate/,,
8737,2024/10/31/bentham-box-suggestions,https://cheesegratermagazine.org/2024/10/31/bentham-box-proposals/,,
